Symbol,Name,LastSale,MarketCap,ADR TSO,IPOyear,Sector,Industry,Summary Quote
VNET,"21Vianet Group, Inc.",7.145,426498146.785,59691833,2011,Technology,"Computer Software: Programming, Data Processing",http://www.nasdaq.com/symbol/vnet
TWOU,"2U, Inc.",64.18,3351629973.74,n/a,2014,Technology,Computer Software: Prepackaged Software,http://www.nasdaq.com/symbol/twou
JOBS,"51job, Inc.",57.5,2115618832.5,36793371,2004,Technology,Diversified Commercial Services,http://www.nasdaq.com/symbol/jobs
ACIA,"Acacia Communications, Inc.",38.69,1523508897.7,n/a,2016,Technology,Semiconductors,http://www.nasdaq.com/symbol/acia
ACIW,"ACI Worldwide, Inc.",22.88,2713092645.12,n/a,n/a,Technology,Computer Software: Prepackaged Software,http://www.nasdaq.com/symbol/aciw
ACMR,"ACM Research, Inc.",6.66,100647811.44,n/a,2017,Technology,Industrial Machinery/Components,http://www.nasdaq.com/symbol/acmr
ATVI,"Activision Blizzard, Inc",62.4,47180605992,n/a,n/a,Technology,Computer Software: Prepackaged Software,http://www.nasdaq.com/symbol/atvi
ACTA,Actua Corporation,15.55,508832542.5,n/a,n/a,Technology,EDP Services,http://www.nasdaq.com/symbol/acta
ACXM,Acxiom Corporation,27.25,2158624418.75,n/a,n/a,Technology,EDP Services,http://www.nasdaq.com/symbol/acxm
IOTS,Adesto Technologies Corporation,8.225,173868110.5,n/a,2015,Technology,Semiconductors,http://www.nasdaq.com/symbol/iots
ADBE,Adobe Systems Incorporated,181.47,89454368750.58,n/a,1986,Technology,Computer Software: Prepackaged Software,http://www.nasdaq.com/symbol/adbe
AMD,"Advanced Micro Devices, Inc.",10.89,10506656786.67,n/a,n/a,Technology,Semiconductors,http://www.nasdaq.com/symbol/amd
AGYS,"Agilysys, Inc.",12.28,284926405.28,n/a,n/a,Technology,EDP Services,http://www.nasdaq.com/symbol/agys
AIRG,"Airgain, Inc.",9.5316,91300699.1208,n/a,2016,Technology,Radio And Television Broadcasting And Communications Equipment,http://www.nasdaq.com/symbol/airg
AMCN,AirMedia Group Inc,2.11,95325050.39,45177749,2007,Technology,Advertising,http://www.nasdaq.com/symbol/amcn
ALRM,"Alarm.com Holdings, Inc.",41.03,1934171145.39,n/a,2015,Technology,Computer Software: Prepackaged Software,http://www.nasdaq.com/symbol/alrm
ALLT,Allot Communications Ltd.,6,198686280,n/a,2006,Technology,Computer Communications Equipment,http://www.nasdaq.com/symbol/allt
MDRX,"Allscripts Healthcare Solutions, Inc.",14.315,2586447240.965,n/a,n/a,Technology,EDP Services,http://www.nasdaq.com/symbol/mdrx
AOSL,Alpha and Omega Semiconductor Limited,17.64,421155899.64,n/a,2010,Technology,Semiconductors,http://www.nasdaq.com/symbol/aosl
GOOG,Alphabet Inc.,1021.41,709677824196.51,n/a,2004,Technology,"Computer Software: Programming, Data Processing",http://www.nasdaq.com/symbol/goog
GOOGL,Alphabet Inc.,1036.17,719933103354.87,n/a,n/a,Technology,"Computer Software: Programming, Data Processing",http://www.nasdaq.com/symbol/googl
AABA,Altaba Inc.,70.22,61328607934.96,n/a,n/a,Technology,EDP Services,http://www.nasdaq.com/symbol/aaba
ALTR,Altair Engineering Inc.,22.29,1346114052.6,n/a,2017,Technology,Computer Software: Prepackaged Software,http://www.nasdaq.com/symbol/altr
AMBA,"Ambarella, Inc.",54.21,1800542053.05,n/a,2012,Technology,Semiconductors,http://www.nasdaq.com/symbol/amba
DOX,Amdocs Limited,65.31,9493135050,n/a,n/a,Technology,EDP Services,http://www.nasdaq.com/symbol/dox
AMRH,"Ameri Holdings, Inc.",2.75,43604684.75,n/a,n/a,Technology,Semiconductors,http://www.nasdaq.com/symbol/amrh
AMRHW,"Ameri Holdings, Inc.",0.49,0,n/a,n/a,Technology,Semiconductors,http://www.nasdaq.com/symbol/amrhw
AMSWA,"American Software, Inc.",12.89,383190362.36,n/a,n/a,Technology,Computer Software: Prepackaged Software,http://www.nasdaq.com/symbol/amswa
AMKR,"Amkor Technology, Inc.",10.57,2529185414.28,n/a,1998,Technology,Semiconductors,http://www.nasdaq.com/symbol/amkr
ASYS,"Amtech Systems, Inc.",9.82,144655464.18,n/a,n/a,Technology,Industrial Machinery/Components,http://www.nasdaq.com/symbol/asys
ADI,"Analog Devices, Inc.",86.11,31743227704.68,n/a,n/a,Technology,Semiconductors,http://www.nasdaq.com/symbol/adi
ANSS,"ANSYS, Inc.",148.19,12575473493.87,n/a,1996,Technology,Computer Software: Prepackaged Software,http://www.nasdaq.com/symbol/anss
APPF,"AppFolio, Inc.",43.15,1464816674.6,n/a,2015,Technology,Computer Software: Prepackaged Software,http://www.nasdaq.com/symbol/appf
APPN,Appian Corporation,22.01,1327275104.76,n/a,2017,Technology,Computer Software: Prepackaged Software,http://www.nasdaq.com/symbol/appn
AAPL,Apple Inc.,171.85,882331517200,n/a,1980,Technology,Computer Manufacturing,http://www.nasdaq.com/symbol/aapl
AMAT,"Applied Materials, Inc.",52.77,56278527697.05,n/a,1972,Technology,Semiconductors,http://www.nasdaq.com/symbol/amat
AAOI,"Applied Optoelectronics, Inc.",43.69,846807706.34,n/a,2013,Technology,Semiconductors,http://www.nasdaq.com/symbol/aaoi
APTI,"Apptio, Inc.",22.32,901471208.4,n/a,2016,Technology,Computer Software: Prepackaged Software,http://www.nasdaq.com/symbol/apti
ARRS,ARRIS International plc,29.98,5606896505.38,n/a,n/a,Technology,Radio And Television Broadcasting And Communications Equipment,http://www.nasdaq.com/symbol/arrs
ASML,ASML Holding N.V.,175.565,12443459759.51,70876654,1995,Technology,Industrial Machinery/Components,http://www.nasdaq.com/symbol/asml
AZPN,"Aspen Technology, Inc.",67.01,4860599030.28,n/a,1994,Technology,EDP Services,http://www.nasdaq.com/symbol/azpn
ALOT,"AstroNova, Inc.",14.608,98492482.528,n/a,1983,Technology,Computer peripheral equipment,http://www.nasdaq.com/symbol/alot
ASUR,Asure Software Inc,14.38,179272871.6,n/a,n/a,Technology,EDP Services,http://www.nasdaq.com/symbol/asur
TEAM,Atlassian Corporation Plc,46.74,10755067643.82,n/a,2015,Technology,Computer Software: Prepackaged Software,http://www.nasdaq.com/symbol/team
ATOM,Atomera Incorporated,3.9,47426484.3,n/a,2016,Technology,Semiconductors,http://www.nasdaq.com/symbol/atom
ATTU,Attunity Ltd.,7.64,131003164.04,n/a,n/a,Technology,Computer Software: Prepackaged Software,http://www.nasdaq.com/symbol/attu
ADSK,"Autodesk, Inc.",109.7,24045389605.6,n/a,n/a,Technology,Computer Software: Prepackaged Software,http://www.nasdaq.com/symbol/adsk
ADP,"Automatic Data Processing, Inc.",114.46,50761834495.8,n/a,n/a,Technology,EDP Services,http://www.nasdaq.com/symbol/adp
AUTO,"AutoWeb, Inc.",8.42,110161495.46,n/a,n/a,Technology,"Computer Software: Programming, Data Processing",http://www.nasdaq.com/symbol/auto
AVNW,"Aviat Networks, Inc.",15.86,84346937.48,n/a,n/a,Technology,Radio And Television Broadcasting And Communications Equipment,http://www.nasdaq.com/symbol/avnw
AVID,"Avid Technology, Inc.",6.73,277182587.6,n/a,1993,Technology,Computer Software: Prepackaged Software,http://www.nasdaq.com/symbol/avid
AWRE,"Aware, Inc.",4.7506,102672774.8046,n/a,1996,Technology,Computer Software: Prepackaged Software,http://www.nasdaq.com/symbol/awre
ACLS,"Axcelis Technologies, Inc.",32,1005221376,n/a,2000,Technology,Industrial Machinery/Components,http://www.nasdaq.com/symbol/acls
AXTI,AXT Inc,9.7,377246036.8,n/a,1998,Technology,Semiconductors,http://www.nasdaq.com/symbol/axti
BOSC,B.O.S. Better Online Solutions,2.35,7605349.65,n/a,n/a,Technology,Computer Communications Equipment,http://www.nasdaq.com/symbol/bosc
BIDU,"Baidu, Inc.",238.68,65761127920.8,275520060,2005,Technology,"Computer Software: Programming, Data Processing",http://www.nasdaq.com/symbol/bidu
BAND,Bandwidth Inc.,21.84,384849628.8,n/a,2017,Technology,Computer Software: Prepackaged Software,http://www.nasdaq.com/symbol/band
BBSI,"Barrett Business Services, Inc.",66.34,484305948.74,n/a,1993,Technology,Professional Services,http://www.nasdaq.com/symbol/bbsi
BV,"Bazaarvoice, Inc.",5.425,466909948.75,n/a,2012,Technology,Computer Software: Prepackaged Software,http://www.nasdaq.com/symbol/bv
BNFT,"Benefitfocus, Inc.",27.1,847504641.4,n/a,2013,Technology,Computer Software: Prepackaged Software,http://www.nasdaq.com/symbol/bnft
BKYI,"BIO-key International, Inc.",1.4386,9348652.9068,n/a,n/a,Technology,Computer Communications Equipment,http://www.nasdaq.com/symbol/bkyi
BBOX,Black Box Corporation,3.6,54495748.8,n/a,n/a,Technology,Computer Communications Equipment,http://www.nasdaq.com/symbol/bbox
BLKB,"Blackbaud, Inc.",98.52,4737786899.4,n/a,2004,Technology,Computer Software: Prepackaged Software,http://www.nasdaq.com/symbol/blkb
BL,"BlackLine, Inc.",36.67,1938062378.14,n/a,2016,Technology,Computer Software: Prepackaged Software,http://www.nasdaq.com/symbol/bl
EPAY,"Bottomline Technologies, Inc.",33.35,1350126859.4,n/a,1999,Technology,Computer Software: Prepackaged Software,http://www.nasdaq.com/symbol/epay
BLIN          ,"Bridgeline Digital, Inc.",2.59,10880196.32,n/a,n/a,Technology,Computer Software: Prepackaged Software,http://www.nasdaq.com/symbol/blin
BCOV,Brightcove Inc.,7.35,254550183.3,n/a,2012,Technology,EDP Services,http://www.nasdaq.com/symbol/bcov
AVGO,Broadcom Limited,277.94,113393781650.76,n/a,2009,Technology,Semiconductors,http://www.nasdaq.com/symbol/avgo
BSFT,"BroadSoft, Inc.",55,1740716230,n/a,2010,Technology,Computer Software: Prepackaged Software,http://www.nasdaq.com/symbol/bsft
BVSN,"BroadVision, Inc.",3.9787,19852953.0683,n/a,1996,Technology,Computer Software: Prepackaged Software,http://www.nasdaq.com/symbol/bvsn
BRKS,"Brooks Automation, Inc.",24.885,1735960180.5,n/a,1995,Technology,Industrial Machinery/Components,http://www.nasdaq.com/symbol/brks
CA,CA Inc.,33.07,13841230039.58,n/a,n/a,Technology,Computer Software: Prepackaged Software,http://www.nasdaq.com/symbol/ca
CCMP,Cabot Microelectronics Corporation,96.39,2444153133.24,n/a,2000,Technology,Semiconductors,http://www.nasdaq.com/symbol/ccmp
CDNS,"Cadence Design Systems, Inc.",43.91,12398427600,n/a,n/a,Technology,Computer Software: Prepackaged Software,http://www.nasdaq.com/symbol/cdns
CAMP,CalAmp Corp.,22.87,814203103.2,n/a,1983,Technology,Radio And Television Broadcasting And Communications Equipment,http://www.nasdaq.com/symbol/camp
CALD,"Callidus Software, Inc.",29.25,1992360825,n/a,2003,Technology,EDP Services,http://www.nasdaq.com/symbol/cald
CSIQ,Canadian Solar Inc.,17.96,1038674807.08,n/a,2006,Technology,Semiconductors,http://www.nasdaq.com/symbol/csiq
CARB,"Carbonite, Inc.",24.05,672131771.35,n/a,2011,Technology,EDP Services,http://www.nasdaq.com/symbol/carb
CARG,"CarGurus, Inc.",29.5,3129677715,n/a,2017,Technology,EDP Services,http://www.nasdaq.com/symbol/carg
CAVM,"Cavium, Inc.",85.53,5914888303.95,n/a,2007,Technology,Semiconductors,http://www.nasdaq.com/symbol/cavm
CRNT,Ceragon Networks Ltd.,1.92,149651648.64,n/a,n/a,Technology,Radio And Television Broadcasting And Communications Equipment,http://www.nasdaq.com/symbol/crnt
CERN,Cerner Corporation,70.69,23498408998.24,n/a,1986,Technology,EDP Services,http://www.nasdaq.com/symbol/cern
CEVA,"CEVA, Inc.",47.55,1044910061.25,n/a,n/a,Technology,Semiconductors,http://www.nasdaq.com/symbol/ceva
CYOU,Changyou.com Limited,36.48,700968890.88,19215156,2009,Technology,Computer Software: Prepackaged Software,http://www.nasdaq.com/symbol/cyou
CHKP,Check Point Software Technologies Ltd.,104.35,17319512537.4,n/a,1996,Technology,Computer Software: Prepackaged Software,http://www.nasdaq.com/symbol/chkp
CNIT,"China Information Technology, Inc.",1.48,59542115.32,n/a,n/a,Technology,Computer Software: Prepackaged Software,http://www.nasdaq.com/symbol/cnit
CCIH,ChinaCache International Holdings Ltd.,0.9893,20728909.7444,20953108,2010,Technology,EDP Services,http://www.nasdaq.com/symbol/ccih
CNET,"ChinaNet Online Holdings, Inc.",1.06,13080974.52,n/a,n/a,Technology,"Computer Software: Programming, Data Processing",http://www.nasdaq.com/symbol/cnet
IMOS,ChipMOS TECHNOLOGIES INC.,18.04,192411176.32,10665808,n/a,Technology,Semiconductors,http://www.nasdaq.com/symbol/imos
CRUS,"Cirrus Logic, Inc.",55.32,3521953276.68,n/a,1989,Technology,Semiconductors,http://www.nasdaq.com/symbol/crus
CSCO,"Cisco Systems, Inc.",37.3,184397105225.2,n/a,1990,Technology,Computer Communications Equipment,http://www.nasdaq.com/symbol/csco
CTXS,"Citrix Systems, Inc.",87.63,13203687755.64,n/a,1995,Technology,Computer Software: Prepackaged Software,http://www.nasdaq.com/symbol/ctxs
CLNT,"Cleantech Solutions International, Inc.",5.6232,14404968.3096,n/a,n/a,Technology,Industrial Machinery/Components,http://www.nasdaq.com/symbol/clnt
CTSH,Cognizant Technology Solutions Corporation,72.28,42619586570.08,n/a,1998,Technology,EDP Services,http://www.nasdaq.com/symbol/ctsh
CHUBA,"CommerceHub, Inc.",22.87,990655810.62,n/a,n/a,Technology,Computer Software: Prepackaged Software,http://www.nasdaq.com/symbol/chuba
CHUBK,"CommerceHub, Inc.",21.47,930012254.22,n/a,n/a,Technology,Computer Software: Prepackaged Software,http://www.nasdaq.com/symbol/chubk
COMM,"CommScope Holding Company, Inc.",35.99,6865526539.4,n/a,2013,Technology,Radio And Television Broadcasting And Communications Equipment,http://www.nasdaq.com/symbol/comm
CVLT,"Commvault Systems, Inc.",53.9,2489391119.6,n/a,2006,Technology,Computer Software: Prepackaged Software,http://www.nasdaq.com/symbol/cvlt
CPSI,"Computer Programs and Systems, Inc.",30.35,417500336.15,n/a,2002,Technology,EDP Services,http://www.nasdaq.com/symbol/cpsi
CTG,"Computer Task Group, Incorporated",5.23,81022197.68,n/a,n/a,Technology,EDP Services,http://www.nasdaq.com/symbol/ctg
CMTL,Comtech Telecommunications Corp.,21.69,511579060.29,n/a,n/a,Technology,Radio And Television Broadcasting And Communications Equipment,http://www.nasdaq.com/symbol/cmtl
CCUR,Concurrent Computer Corporation,6.06,59952961.68,n/a,n/a,Technology,Computer Manufacturing,http://www.nasdaq.com/symbol/ccur
CSOD,"Cornerstone OnDemand, Inc.",36.98,2141191959.98,n/a,2011,Technology,Computer Software: Prepackaged Software,http://www.nasdaq.com/symbol/csod
CPAH,CounterPath Corporation,2.3,12614315.5,n/a,n/a,Technology,Computer Software: Prepackaged Software,http://www.nasdaq.com/symbol/cpah
COUP,Coupa Software Incorporated,35.46,1900803903.66,n/a,2016,Technology,Computer Software: Prepackaged Software,http://www.nasdaq.com/symbol/coup
CRAY,Cray Inc,22.75,919965000.5,n/a,n/a,Technology,Computer Manufacturing,http://www.nasdaq.com/symbol/cray
CREE,"Cree, Inc.",35.58,3491650131.36,n/a,1993,Technology,Semiconductors,http://www.nasdaq.com/symbol/cree
CRTO,Criteo S.A.,33.355,2129071764.365,63830663,2013,Technology,Advertising,http://www.nasdaq.com/symbol/crto
CCRN,"Cross Country Healthcare, Inc.",13.67,498694053.37,n/a,2001,Technology,Professional Services,http://www.nasdaq.com/symbol/ccrn
CSGS,"CSG Systems International, Inc.",45.88,1538055977.76,n/a,1996,Technology,EDP Services,http://www.nasdaq.com/symbol/csgs
CSPI,CSP Inc.,10.7264,42085920.6912,n/a,1982,Technology,EDP Services,http://www.nasdaq.com/symbol/cspi
CVV,CVD Equipment Corporation,12.5088,80180044.5408,n/a,n/a,Technology,Industrial Machinery/Components,http://www.nasdaq.com/symbol/cvv
CYBR,CyberArk Software Ltd.,47.07,1620301012.47,n/a,2014,Technology,Computer Software: Prepackaged Software,http://www.nasdaq.com/symbol/cybr
CY,Cypress Semiconductor Corporation,16.01,5341972871.64,n/a,1986,Technology,Semiconductors,http://www.nasdaq.com/symbol/cy
CYRN,CYREN Ltd.,2.4,119612203.2,n/a,n/a,Technology,Computer Software: Prepackaged Software,http://www.nasdaq.com/symbol/cyrn
DWCH,Datawatch Corporation,9.2,112777813.6,n/a,1992,Technology,Computer Software: Prepackaged Software,http://www.nasdaq.com/symbol/dwch
DTRM,"Determine, Inc. ",1.68,24879072.96,n/a,n/a,Technology,Computer Software: Prepackaged Software,http://www.nasdaq.com/symbol/dtrm
DGII,Digi International Inc.,10.25,273310284.5,n/a,1989,Technology,Computer Communications Equipment,http://www.nasdaq.com/symbol/dgii
DMRC,Digimarc Corporation,37.5,437257050,n/a,n/a,Technology,EDP Services,http://www.nasdaq.com/symbol/dmrc
DGLY,"Digital Ally, Inc.",2.401,16758334.131,n/a,n/a,Technology,Radio And Television Broadcasting And Communications Equipment,http://www.nasdaq.com/symbol/dgly
DIOD,Diodes Incorporated,29.32,1448118611.6,n/a,n/a,Technology,Semiconductors,http://www.nasdaq.com/symbol/diod
DLHC,DLH Holdings Corp.,6.2801,72847753.2576,n/a,n/a,Technology,Professional Services,http://www.nasdaq.com/symbol/dlhc
DSPG,"DSP Group, Inc.",13.1,292431064.2,n/a,1994,Technology,Semiconductors,http://www.nasdaq.com/symbol/dspg
EBIX,"Ebix, Inc.",77.4,2434661427.6,n/a,n/a,Technology,EDP Services,http://www.nasdaq.com/symbol/ebix
ELON,Echelon Corporation,4.81,21742869.07,n/a,1998,Technology,Computer Communications Equipment,http://www.nasdaq.com/symbol/elon
SATS,EchoStar Corporation,59.86,5730207205.76,n/a,n/a,Technology,Radio And Television Broadcasting And Communications Equipment,http://www.nasdaq.com/symbol/sats
EDGW,"Edgewater Technology, Inc.",6.27,87876821.34,n/a,n/a,Technology,"Computer Software: Programming, Data Processing",http://www.nasdaq.com/symbol/edgw
EGAN,eGain Corporation,3.55,96676780.8,n/a,1999,Technology,Computer Software: Prepackaged Software,http://www.nasdaq.com/symbol/egan
EA,Electronic Arts Inc.,106.35,32747871926.55,n/a,n/a,Technology,Computer Software: Prepackaged Software,http://www.nasdaq.com/symbol/ea
EFII,"Electronics for Imaging, Inc.",30.77,1405909577.63,n/a,1992,Technology,Computer Communications Equipment,http://www.nasdaq.com/symbol/efii
ELTK,Eltek Ltd.,3.562,7225702.224,n/a,1997,Technology,Electrical Products,http://www.nasdaq.com/symbol/eltk
EMKR,EMCORE Corporation,7.825,210329427,n/a,1997,Technology,Semiconductors,http://www.nasdaq.com/symbol/emkr
EIGI,"Endurance International Group Holdings, Inc.",9.3,1334468978.4,n/a,2013,Technology,Computer Software: Prepackaged Software,http://www.nasdaq.com/symbol/eigi
WATT,Energous Corporation,8.35,185484303.15,n/a,2014,Technology,Radio And Television Broadcasting And Communications Equipment,http://www.nasdaq.com/symbol/watt
ERII,"Energy Recovery, Inc.",11.23,601872243.05,n/a,2008,Technology,Industrial Machinery/Components,http://www.nasdaq.com/symbol/erii
ENPH,"Enphase Energy, Inc.",2.8998,248027198.5962,n/a,2012,Technology,Semiconductors,http://www.nasdaq.com/symbol/enph
PLUS,ePlus inc.,81.1,1149305811.5,n/a,1996,Technology,Retail: Computer Software & Peripheral Equipment,http://www.nasdaq.com/symbol/plus
ERIC,Ericsson,6.26,1947112259.22,311040297,n/a,Technology,Radio And Television Broadcasting And Communications Equipment,http://www.nasdaq.com/symbol/eric
EVBG,"Everbridge, Inc.",26.49,748466764.59,n/a,2016,Technology,Computer Software: Prepackaged Software,http://www.nasdaq.com/symbol/evbg
MRAM,"Everspin Technologies, Inc.",8.04,102643029.84,n/a,2016,Technology,Semiconductors,http://www.nasdaq.com/symbol/mram
EVOL,"Evolving Systems, Inc.",4.5,56375581.5,n/a,1998,Technology,EDP Services,http://www.nasdaq.com/symbol/evol
EXTR,"Extreme Networks, Inc.",12.85,1457448272.15,n/a,1999,Technology,Computer Communications Equipment,http://www.nasdaq.com/symbol/extr
FFIV,"F5 Networks, Inc.",134.2,8400050652.4,n/a,1999,Technology,Computer Communications Equipment,http://www.nasdaq.com/symbol/ffiv
FB,"Facebook, Inc.",177.18,514851193970.64,n/a,2012,Technology,"Computer Software: Programming, Data Processing",http://www.nasdaq.com/symbol/fb
FNSR,Finisar Corporation,20.03,2281167926.95,n/a,1999,Technology,Semiconductors,http://www.nasdaq.com/symbol/fnsr
FEYE,"FireEye, Inc.",14.15,2611919917,n/a,2013,Technology,Computer peripheral equipment,http://www.nasdaq.com/symbol/feye
FSLR,"First Solar, Inc.",62.15,6490510204.2,n/a,2006,Technology,Semiconductors,http://www.nasdaq.com/symbol/fslr
FISV,"Fiserv, Inc.",131.45,27394100341.3,n/a,1986,Technology,EDP Services,http://www.nasdaq.com/symbol/fisv
FIVN,"Five9, Inc.",24.53,1365118294.1,n/a,2014,Technology,EDP Services,http://www.nasdaq.com/symbol/fivn
FLEX,Flex Ltd.,18.08,9554766274.88,n/a,1994,Technology,Electrical Products,http://www.nasdaq.com/symbol/flex
FPAY,"FlexShopper, Inc.",3.6,19052211.6,n/a,n/a,Technology,Diversified Commercial Services,http://www.nasdaq.com/symbol/fpay
FSCT,"ForeScout Technologies, Inc.",24,888331344,n/a,2017,Technology,Computer peripheral equipment,http://www.nasdaq.com/symbol/fsct
FRSX,Foresight Autonomous Holdings Ltd.,4.74,3174268.98,669677,n/a,Technology,Computer Software: Prepackaged Software,http://www.nasdaq.com/symbol/frsx
FORM,"FormFactor, Inc.",16.35,1193294073.45,n/a,2003,Technology,Semiconductors,http://www.nasdaq.com/symbol/form
FORTY,Formula Systems (1985) Ltd.,41.7934,7379126.2908,176562,n/a,Technology,EDP Services,http://www.nasdaq.com/symbol/forty
FTNT,"Fortinet, Inc.",42.06,7314242874.66,n/a,2009,Technology,Computer peripheral equipment,http://www.nasdaq.com/symbol/ftnt
FSNN,"Fusion Telecommunications International, Inc.",3.75,83878616.25,n/a,n/a,Technology,Computer Software: Prepackaged Software,http://www.nasdaq.com/symbol/fsnn
GDS,GDS Holdings Limited,20.36,605935996,29761100,2016,Technology,"Computer Software: Programming, Data Processing",http://www.nasdaq.com/symbol/gds
GFN,General Finance Corporation,6.35,169095343.8,n/a,n/a,Technology,Diversified Commercial Services,http://www.nasdaq.com/symbol/gfn
GFNCP,General Finance Corporation,99.9069,0,n/a,n/a,Technology,Diversified Commercial Services,http://www.nasdaq.com/symbol/gfncp
GFNSL,General Finance Corporation,25.1,0,n/a,n/a,Technology,Diversified Commercial Services,http://www.nasdaq.com/symbol/gfnsl
GIGM,GigaMedia Limited,2.89,31940959.15,n/a,n/a,Technology,"Computer Software: Programming, Data Processing",http://www.nasdaq.com/symbol/gigm
GILT,Gilat Satellite Networks Ltd.,7.6,415345829.2,n/a,n/a,Technology,Radio And Television Broadcasting And Communications Equipment,http://www.nasdaq.com/symbol/gilt
GLUU,Glu Mobile Inc.,3.915,536488806.87,n/a,2007,Technology,EDP Services,http://www.nasdaq.com/symbol/gluu
GEC,"Great Elm Capital Group, Inc. ",4.3,109350591,n/a,n/a,Technology,Computer Software: Prepackaged Software,http://www.nasdaq.com/symbol/gec
GSUM,Gridsum Holding Inc.,8.56,135856795.76,15871121,2016,Technology,Computer Software: Prepackaged Software,http://www.nasdaq.com/symbol/gsum
GRPN,"Groupon, Inc.",5.635,3146601198.02,n/a,2011,Technology,Advertising,http://www.nasdaq.com/symbol/grpn
GSIT,"GSI Technology, Inc.",7.98,168244734,n/a,2007,Technology,Semiconductors,http://www.nasdaq.com/symbol/gsit
HQCL,"Hanwha Q CELLS Co., Ltd. ",7.5,41261437.5,5501525,n/a,Technology,Semiconductors,http://www.nasdaq.com/symbol/hqcl
HLIT,Harmonic Inc.,4.2,342797989.8,n/a,1995,Technology,Radio And Television Broadcasting And Communications Equipment,http://www.nasdaq.com/symbol/hlit
HSTM,"HealthStream, Inc.",23.81,759451307.77,n/a,2000,Technology,"Computer Software: Programming, Data Processing",http://www.nasdaq.com/symbol/hstm
HSII,"Heidrick & Struggles International, Inc.",24.95,468706483.45,n/a,1999,Technology,Diversified Commercial Services,http://www.nasdaq.com/symbol/hsii
HIMX,"Himax Technologies, Inc.",13.74,1484289647.22,108026903,2006,Technology,Semiconductors,http://www.nasdaq.com/symbol/himx
HDP,"Hortonworks, Inc.",19.03,1342228622.35,n/a,2014,Technology,Computer Software: Prepackaged Software,http://www.nasdaq.com/symbol/hdp
HSON,"Hudson Global, Inc.",1.35,42207818.85,n/a,n/a,Technology,Professional Services,http://www.nasdaq.com/symbol/hson
ICHR,Ichor Holdings,28.43,727491630.96,n/a,2016,Technology,Semiconductors,http://www.nasdaq.com/symbol/ichr
INVE,"Identiv, Inc.",3.2,45584441.6,n/a,n/a,Technology,Computer peripheral equipment,http://www.nasdaq.com/symbol/inve
INFO,IHS Markit Ltd.,44.62,17798619269.1,n/a,1996,Technology,"Computer Software: Programming, Data Processing",http://www.nasdaq.com/symbol/info
IMMR,Immersion Corporation,7.63,223186984.09,n/a,1999,Technology,Computer peripheral equipment,http://www.nasdaq.com/symbol/immr
IMPV,"Imperva, Inc.",41.3,1404774524.3,n/a,n/a,Technology,Computer Software: Prepackaged Software,http://www.nasdaq.com/symbol/impv
INOD,Innodata Inc.,1.19,30794170.26,n/a,1993,Technology,EDP Services,http://www.nasdaq.com/symbol/inod
ISSC,"Innovative Solutions and Support, Inc.",3.03,50852880.87,n/a,2000,Technology,EDP Services,http://www.nasdaq.com/symbol/issc
INOV,"Inovalon Holdings, Inc.",15.9,2319382464.9,n/a,2015,Technology,EDP Services,http://www.nasdaq.com/symbol/inov
INPX,Inpixon ,0.3747,6213888.0345,n/a,2014,Technology,EDP Services,http://www.nasdaq.com/symbol/inpx
INSE,"Inspired Entertainment, Inc.",9.25,207111634.75,n/a,2014,Technology,Computer Software: Prepackaged Software,http://www.nasdaq.com/symbol/inse
IDTI,"Integrated Device Technology, Inc.",30.11,3999655948.44,n/a,1984,Technology,Semiconductors,http://www.nasdaq.com/symbol/idti
INTC,Intel Corporation,44.84,209851200000,n/a,n/a,Technology,Semiconductors,http://www.nasdaq.com/symbol/intc
LINK,"Interlink Electronics, Inc.",5.87,43065184.56,n/a,n/a,Technology,Computer peripheral equipment,http://www.nasdaq.com/symbol/link
IMI,"Intermolecular, Inc.",1.35,66905596.35,n/a,2011,Technology,Semiconductors,http://www.nasdaq.com/symbol/imi
INAP,Internap Corporation,17.82,92868145.92,n/a,1999,Technology,"Computer Software: Programming, Data Processing",http://www.nasdaq.com/symbol/inap
IIJI,"Internet Initiative Japan, Inc.",9.68,16136288.96,1666972,n/a,Technology,"Computer Software: Programming, Data Processing",http://www.nasdaq.com/symbol/iiji
INTX,"Intersections, Inc.",2.22,53482235.34,n/a,2004,Technology,EDP Services,http://www.nasdaq.com/symbol/intx
IVAC,"Intevac, Inc.",7.4,161238651.8,n/a,1995,Technology,Industrial Machinery/Components,http://www.nasdaq.com/symbol/ivac
INTU,Intuit Inc.,157.28,40208615485.6,n/a,1993,Technology,Computer Software: Prepackaged Software,http://www.nasdaq.com/symbol/intu
IPAS,iPass Inc.,0.64,42714958.72,n/a,2003,Technology,EDP Services,http://www.nasdaq.com/symbol/ipas
IPGP,IPG Photonics Corporation,228.98,12349923183.88,n/a,2006,Technology,Semiconductors,http://www.nasdaq.com/symbol/ipgp
IXYS,IXYS Corporation,24.3,796289202.9,n/a,n/a,Technology,Semiconductors,http://www.nasdaq.com/symbol/ixys
JCOM,"j2 Global, Inc.",75.44,3651963794.88,n/a,1999,Technology,Telecommunications Equipment,http://www.nasdaq.com/symbol/jcom
JASO,"JA Solar Holdings, Co., Ltd.",7.45,300132204.9,40286202,2007,Technology,Semiconductors,http://www.nasdaq.com/symbol/jaso
JKHY,"Jack Henry & Associates, Inc.",115.32,8906678503.8,n/a,1985,Technology,EDP Services,http://www.nasdaq.com/symbol/jkhy
JMU,JMU Limited,1.1,19151573.1,17410521,2015,Technology,EDP Services,http://www.nasdaq.com/symbol/jmu
KELYA,"Kelly Services, Inc.",29.17,1120882277.86,n/a,n/a,Technology,Professional Services,http://www.nasdaq.com/symbol/kelya
KELYB,"Kelly Services, Inc.",28,1075924024,n/a,n/a,Technology,Professional Services,http://www.nasdaq.com/symbol/kelyb
KTEC,"Key Technology, Inc.",16.7,108331697.6,n/a,1993,Technology,Industrial Machinery/Components,http://www.nasdaq.com/symbol/ktec
KTCC,Key Tronic Corporation,7.58,81558374.4,n/a,1983,Technology,Computer peripheral equipment,http://www.nasdaq.com/symbol/ktcc
KFRC,"Kforce, Inc.",26.05,689472409.55,n/a,1995,Technology,Professional Services,http://www.nasdaq.com/symbol/kfrc
KE,"Kimball Electronics, Inc.",20.85,559590314.4,n/a,n/a,Technology,Electrical Products,http://www.nasdaq.com/symbol/ke
KONE,Kingtone Wirelessinfo Solution Holding Ltd,3.87,2764631.25,714375,2010,Technology,EDP Services,http://www.nasdaq.com/symbol/kone
KOPN,Kopin Corporation,3.22,242583732.86,n/a,1992,Technology,Semiconductors,http://www.nasdaq.com/symbol/kopn
KLIC,"Kulicke and Soffa Industries, Inc.",24.79,1750268028.47,n/a,n/a,Technology,Semiconductors,http://www.nasdaq.com/symbol/klic
KVHI,"KVH Industries, Inc.",10.9,186498520.4,n/a,1996,Technology,Radio And Television Broadcasting And Communications Equipment,http://www.nasdaq.com/symbol/kvhi
LRCX,Lam Research Corporation,192.33,31147121877.84,n/a,1984,Technology,Industrial Machinery/Components,http://www.nasdaq.com/symbol/lrcx
LTRX,"Lantronix, Inc.",2,35947190,n/a,2000,Technology,Computer Communications Equipment,http://www.nasdaq.com/symbol/ltrx
LSCC,Lattice Semiconductor Corporation,5.86,722922931.68,n/a,n/a,Technology,Semiconductors,http://www.nasdaq.com/symbol/lscc
LTRPA,"Liberty TripAdvisor Holdings, Inc.",9.375,703653796.875,n/a,n/a,Technology,EDP Services,http://www.nasdaq.com/symbol/ltrpa
LTRPB,"Liberty TripAdvisor Holdings, Inc.",11.595,870279015.975,n/a,n/a,Technology,EDP Services,http://www.nasdaq.com/symbol/ltrpb
LPTH,"LightPath Technologies, Inc.",2.5,61349645,n/a,1996,Technology,Semiconductors,http://www.nasdaq.com/symbol/lpth
LECO,"Lincoln Electric Holdings, Inc.",91.12,5991659566.24,n/a,n/a,Technology,Industrial Machinery/Components,http://www.nasdaq.com/symbol/leco
LPSN,"LivePerson, Inc.",11.125,662210262.75,n/a,2000,Technology,Computer Software: Prepackaged Software,http://www.nasdaq.com/symbol/lpsn
LOGI,Logitech International S.A.,34.68,5696983686.48,n/a,1997,Technology,Computer peripheral equipment,http://www.nasdaq.com/symbol/logi
LOGM,"LogMein, Inc.",119,6269110876,n/a,2009,Technology,Computer Software: Prepackaged Software,http://www.nasdaq.com/symbol/logm
LORL,"Loral Space and Communications, Inc.",46.65,1443012834.15,n/a,n/a,Technology,Radio And Television Broadcasting And Communications Equipment,http://www.nasdaq.com/symbol/lorl
MTSI,"MACOM Technology Solutions Holdings, Inc.",32.61,2095642583.22,n/a,2012,Technology,Semiconductors,http://www.nasdaq.com/symbol/mtsi
MGIC,Magic Software Enterprises Ltd.,8.2,364787135.2,n/a,1991,Technology,Computer Software: Prepackaged Software,http://www.nasdaq.com/symbol/mgic
MNGA,MagneGas Corporation,0.395,7389910.43,n/a,n/a,Technology,Industrial Machinery/Components,http://www.nasdaq.com/symbol/mnga
MAMS,"MAM Software Group, Inc.",8.06,101314062.98,n/a,n/a,Technology,Computer Software: Prepackaged Software,http://www.nasdaq.com/symbol/mams
MANH,"Manhattan Associates, Inc.",44.38,3059253108.24,n/a,1998,Technology,Computer Software: Prepackaged Software,http://www.nasdaq.com/symbol/manh
MNTX,"Manitex International, Inc.",8.43,139572803.97,n/a,n/a,Technology,Industrial Machinery/Components,http://www.nasdaq.com/symbol/mntx
MRVL,Marvell Technology Group Ltd.,22.34,10972095949.46,n/a,2000,Technology,Semiconductors,http://www.nasdaq.com/symbol/mrvl
MTCH,"Match Group, Inc.",29.39,8027817251.24,n/a,2015,Technology,"Computer Software: Programming, Data Processing",http://www.nasdaq.com/symbol/mtch
MTLS,Materialise NV,14.6,195382602,13382370,2014,Technology,Computer Software: Prepackaged Software,http://www.nasdaq.com/symbol/mtls
MATR,Mattersight Corporation,2.7,88376265,n/a,n/a,Technology,EDP Services,http://www.nasdaq.com/symbol/matr
MXIM,"Maxim Integrated Products, Inc.",52.36,14738638218.92,n/a,1988,Technology,Semiconductors,http://www.nasdaq.com/symbol/mxim
MGRC,McGrath RentCorp,47.85,1149936559.2,n/a,1984,Technology,Diversified Commercial Services,http://www.nasdaq.com/symbol/mgrc
MDCA,MDC Partners Inc.,11.65,581743856.75,n/a,n/a,Technology,Advertising,http://www.nasdaq.com/symbol/mdca
MTBC,"Medical Transcription Billing, Corp.",2.87,33092796.17,n/a,2014,Technology,Computer Software: Prepackaged Software,http://www.nasdaq.com/symbol/mtbc
MTBCP,"Medical Transcription Billing, Corp.",25.5,23697124.5,n/a,n/a,Technology,Computer Software: Prepackaged Software,http://www.nasdaq.com/symbol/mtbcp
MDSO,"Medidata Solutions, Inc.",66.66,3897007260.3,n/a,2009,Technology,Computer Software: Prepackaged Software,http://www.nasdaq.com/symbol/mdso
MLNX,"Mellanox Technologies, Ltd.",59.1,3009893202.9,n/a,2007,Technology,Semiconductors,http://www.nasdaq.com/symbol/mlnx
MCHP,Microchip Technology Incorporated,86.99,20347429615.13,n/a,1993,Technology,Semiconductors,http://www.nasdaq.com/symbol/mchp
MU,"Micron Technology, Inc.",42.39,48886488945.36,n/a,n/a,Technology,Semiconductors,http://www.nasdaq.com/symbol/mu
MSCC,Microsemi Corporation,52.88,6218376801.2,n/a,n/a,Technology,Semiconductors,http://www.nasdaq.com/symbol/mscc
MSFT,Microsoft Corporation,84.17,649337056713.15,n/a,1986,Technology,Computer Software: Prepackaged Software,http://www.nasdaq.com/symbol/msft
MSTR,MicroStrategy Incorporated,136.79,1565834309.26,n/a,1998,Technology,Computer Software: Prepackaged Software,http://www.nasdaq.com/symbol/mstr
MIME,Mimecast Limited,30.415,1743367087.385,n/a,2015,Technology,Computer Software: Prepackaged Software,http://www.nasdaq.com/symbol/mime
MNDO,MIND C.T.I. Ltd.,2.68,51701000.24,n/a,n/a,Technology,EDP Services,http://www.nasdaq.com/symbol/mndo
MB,"MINDBODY, Inc.",32.6,1522464662,n/a,2015,Technology,EDP Services,http://www.nasdaq.com/symbol/mb
MIND,"Mitcham Industries, Inc.",3.76,45455914.64,n/a,1994,Technology,Diversified Commercial Services,http://www.nasdaq.com/symbol/mind
MINDP,"Mitcham Industries, Inc.",22.97,0,n/a,n/a,Technology,Diversified Commercial Services,http://www.nasdaq.com/symbol/mindp
MITK,"Mitek Systems, Inc.",8.95,305824050.75,n/a,n/a,Technology,Computer peripheral equipment,http://www.nasdaq.com/symbol/mitk
MITL,Mitel Networks Corporation,7.83,939678213.87,n/a,n/a,Technology,Radio And Television Broadcasting And Communications Equipment,http://www.nasdaq.com/symbol/mitl
MOBL,"MobileIron, Inc.",3.925,377022001.925,n/a,2014,Technology,Computer Software: Prepackaged Software,http://www.nasdaq.com/symbol/mobl
MOMO,Momo Inc.,23.96,3323913583.52,138727612,2014,Technology,Computer Software: Prepackaged Software,http://www.nasdaq.com/symbol/momo
MDB,"MongoDB, Inc.",28.52,1396576058.6,n/a,2017,Technology,Computer Software: Prepackaged Software,http://www.nasdaq.com/symbol/mdb
MPWR,"Monolithic Power Systems, Inc.",118.42,4916432837.46,n/a,2004,Technology,Semiconductors,http://www.nasdaq.com/symbol/mpwr
TYPE,Monotype Imaging Holdings Inc.,25.2,1051705872,n/a,2007,Technology,EDP Services,http://www.nasdaq.com/symbol/type
MSDI,"Monster Digital, Inc.",0.6773,6380627.2413,n/a,2016,Technology,Electronic Components,http://www.nasdaq.com/symbol/msdi
MSDIW,"Monster Digital, Inc.",0.0201,0,n/a,2016,Technology,Electronic Components,http://www.nasdaq.com/symbol/msdiw
MOSY,"MoSys, Inc.",1.17,9439132.95,n/a,2001,Technology,Semiconductors,http://www.nasdaq.com/symbol/mosy
MOXC,"Moxian, Inc.",2.7,180919437.3,n/a,n/a,Technology,"Computer Software: Programming, Data Processing",http://www.nasdaq.com/symbol/moxc
MYSZ,"My Size, Inc.",1,18394817,n/a,n/a,Technology,Computer Software: Prepackaged Software,http://www.nasdaq.com/symbol/mysz
NNDM,Nano Dimension Ltd.,3.97,9695140.97,2442101,n/a,Technology,Electrical Products,http://www.nasdaq.com/symbol/nndm
NH,"NantHealth, Inc.",3.24,350988124.32,n/a,2016,Technology,EDP Services,http://www.nasdaq.com/symbol/nh
NATI,National Instruments Corporation,43.95,5746243716.9,n/a,1995,Technology,Computer Software: Prepackaged Software,http://www.nasdaq.com/symbol/nati
NETE,"Net Element, Inc.",4.35,10676887.95,n/a,n/a,Technology,EDP Services,http://www.nasdaq.com/symbol/nete
NTAP,"NetApp, Inc.",56.51,15244000958.82,n/a,1995,Technology,Electronic Components,http://www.nasdaq.com/symbol/ntap
NLST,"Netlist, Inc.",0.3198,22520202.7908,n/a,2006,Technology,Semiconductors,http://www.nasdaq.com/symbol/nlst
NTCT,"NetScout Systems, Inc.",31.1,2710083202.9,n/a,1999,Technology,EDP Services,http://www.nasdaq.com/symbol/ntct
NTWK,NetSol Technologies Inc.,4.45,50432424.05,n/a,n/a,Technology,Computer Software: Prepackaged Software,http://www.nasdaq.com/symbol/ntwk
NICE,NICE Ltd,87.57,3528470970.36,40293148,n/a,Technology,Computer Manufacturing,http://www.nasdaq.com/symbol/nice
NUAN,"Nuance Communications, Inc.",15.54,4484833386.18,n/a,n/a,Technology,Computer Software: Prepackaged Software,http://www.nasdaq.com/symbol/nuan
NTNX,"Nutanix, Inc.",32.62,5210875473.86,n/a,2016,Technology,Computer Software: Prepackaged Software,http://www.nasdaq.com/symbol/ntnx
NVEC,NVE Corporation,83.79,405628227.9,n/a,n/a,Technology,Semiconductors,http://www.nasdaq.com/symbol/nvec
NVDA,NVIDIA Corporation,200.71,121630260000,n/a,1999,Technology,Semiconductors,http://www.nasdaq.com/symbol/nvda
NXPI,NXP Semiconductors N.V.,113.39,38442592083.53,n/a,2010,Technology,Semiconductors,http://www.nasdaq.com/symbol/nxpi
OIIM,O2Micro International Limited,1.84,61407225.28,33373492,n/a,Technology,Semiconductors,http://www.nasdaq.com/symbol/oiim
OCLR,"Oclaro, Inc.",7.115,1200883574.25,n/a,n/a,Technology,Semiconductors,http://www.nasdaq.com/symbol/oclr
OKTA,"Okta, Inc.",29.21,2791971017.52,n/a,2017,Technology,Computer Software: Prepackaged Software,http://www.nasdaq.com/symbol/okta
OMCL,"Omnicell, Inc.",52.35,1985921435.7,n/a,2001,Technology,Computer Manufacturing,http://www.nasdaq.com/symbol/omcl
ON,ON Semiconductor Corporation,20.08,8517177980,n/a,n/a,Technology,Semiconductors,http://www.nasdaq.com/symbol/on
OTIV,On Track Innovations Ltd,1.15,47304534.7,n/a,n/a,Technology,Semiconductors,http://www.nasdaq.com/symbol/otiv
OTEX,Open Text Corporation,32.61,8657365509.03,n/a,1996,Technology,EDP Services,http://www.nasdaq.com/symbol/otex
OSIS,"OSI Systems, Inc.",86.7,1644564615,n/a,1997,Technology,Semiconductors,http://www.nasdaq.com/symbol/osis
PFIN,"P & F Industries, Inc.",7.481,26960566.432,n/a,n/a,Technology,Industrial Machinery/Components,http://www.nasdaq.com/symbol/pfin
PCYG,"Park City Group, Inc.",11,213912985,n/a,n/a,Technology,EDP Services,http://www.nasdaq.com/symbol/pcyg
PRKR,"ParkerVision, Inc.",1.33,26195652.07,n/a,1993,Technology,Radio And Television Broadcasting And Communications Equipment,http://www.nasdaq.com/symbol/prkr
PCTY,Paylocity Holding Corporation,46.14,2423126536.2,n/a,2014,Technology,Computer Software: Prepackaged Software,http://www.nasdaq.com/symbol/pcty
PCTI,"PC-Tel, Inc.",7.35,130297102.95,n/a,1999,Technology,Radio And Television Broadcasting And Communications Equipment,http://www.nasdaq.com/symbol/pcti
PDFS,"PDF Solutions, Inc.",18.1,578251234.2,n/a,2001,Technology,EDP Services,http://www.nasdaq.com/symbol/pdfs
PEGA,Pegasystems Inc.,50.5,3931927879,n/a,1996,Technology,EDP Services,http://www.nasdaq.com/symbol/pega
PRFT,"Perficient, Inc.",19.37,676169102.83,n/a,1999,Technology,EDP Services,http://www.nasdaq.com/symbol/prft
PERI,Perion Network Ltd,1.09,84529575.21,n/a,n/a,Technology,EDP Services,http://www.nasdaq.com/symbol/peri
PLAB,"Photronics, Inc.",9.65,665259188.4,n/a,1987,Technology,Semiconductors,http://www.nasdaq.com/symbol/plab
PXLW,"Pixelworks, Inc.",5.77,197633463,n/a,2000,Technology,Semiconductors,http://www.nasdaq.com/symbol/pxlw
PLXS,Plexus Corp.,62.47,2090496080,n/a,n/a,Technology,Electrical Products,http://www.nasdaq.com/symbol/plxs
PNTR,Pointer Telocation Ltd.,18.0054,144651674.4876,n/a,n/a,Technology,Radio And Television Broadcasting And Communications Equipment,http://www.nasdaq.com/symbol/pntr
COOL,"PolarityTE, Inc.",27.21,173845343.04,n/a,n/a,Technology,Computer Software: Prepackaged Software,http://www.nasdaq.com/symbol/cool
POWI,"Power Integrations, Inc.",78.5,2332769428,n/a,1997,Technology,Semiconductors,http://www.nasdaq.com/symbol/powi
PSDO,"Presidio, Inc.",15.45,1416685834.2,n/a,2017,Technology,Retail: Computer Software & Peripheral Equipment,http://www.nasdaq.com/symbol/psdo
IPDN,"Professional Diversity Network, Inc.",4.75,18676230.5,n/a,2013,Technology,"Computer Software: Programming, Data Processing",http://www.nasdaq.com/symbol/ipdn
PRGS,Progress Software Corporation,41.35,1976857409.3,n/a,1991,Technology,Computer Software: Prepackaged Software,http://www.nasdaq.com/symbol/prgs
PFPT,"Proofpoint, Inc.",90.15,4041851901.15,n/a,2012,Technology,EDP Services,http://www.nasdaq.com/symbol/pfpt
PTC,PTC Inc.,63.71,7365356118.56,n/a,n/a,Technology,Computer Software: Prepackaged Software,http://www.nasdaq.com/symbol/ptc
QADA,QAD Inc.,36.7,705250064.1,n/a,n/a,Technology,Computer Software: Prepackaged Software,http://www.nasdaq.com/symbol/qada
QADB,QAD Inc.,28.45,546712924.35,n/a,n/a,Technology,Computer Software: Prepackaged Software,http://www.nasdaq.com/symbol/qadb
QRVO,"Qorvo, Inc.",76.61,9740815481.34,n/a,n/a,Technology,Semiconductors,http://www.nasdaq.com/symbol/qrvo
QCOM,QUALCOMM Incorporated,66.34,97796082151.26,n/a,1991,Technology,Radio And Television Broadcasting And Communications Equipment,http://www.nasdaq.com/symbol/qcom
QSII,"Quality Systems, Inc.",14.45,920053695.2,n/a,1982,Technology,EDP Services,http://www.nasdaq.com/symbol/qsii
QBAK,Qualstar Corporation,7.56,15437663.64,n/a,2000,Technology,Electronic Components,http://www.nasdaq.com/symbol/qbak
QLYS,"Qualys, Inc.",58.9,2233460140.3,n/a,2012,Technology,Computer Software: Prepackaged Software,http://www.nasdaq.com/symbol/qlys
QTNA,"Quantenna Communications, Inc.",12.25,431456833.5,n/a,2016,Technology,Semiconductors,http://www.nasdaq.com/symbol/qtna
QRHC,Quest Resource Holding Corporation.,2.02,30868274.48,n/a,n/a,Technology,Diversified Commercial Services,http://www.nasdaq.com/symbol/qrhc
QUIK,QuickLogic Corporation,1.58,126682390.24,n/a,1999,Technology,Semiconductors,http://www.nasdaq.com/symbol/quik
QUMU,Qumu Corporation,2.37,22254892.5,n/a,n/a,Technology,Computer Software: Prepackaged Software,http://www.nasdaq.com/symbol/qumu
RDCM,Radcom Ltd.,19.95,233761910.55,n/a,1997,Technology,Computer peripheral equipment,http://www.nasdaq.com/symbol/rdcm
RSYS,RadiSys Corporation,0.748,29283267.244,n/a,1995,Technology,Computer peripheral equipment,http://www.nasdaq.com/symbol/rsys
RMBS,"Rambus, Inc.",14.82,1626910819.56,n/a,1997,Technology,Semiconductors,http://www.nasdaq.com/symbol/rmbs
RPD,"Rapid7, Inc.",18.93,830669980.2,n/a,2015,Technology,Computer Software: Prepackaged Software,http://www.nasdaq.com/symbol/rpd
RCMT,"RCM Technologies, Inc.",6.8318,82061525.2282,n/a,n/a,Technology,Professional Services,http://www.nasdaq.com/symbol/rcmt
RNWK,"RealNetworks, Inc.",4.19,156299021.11,n/a,1997,Technology,EDP Services,http://www.nasdaq.com/symbol/rnwk
RP,"RealPage, Inc.",45.4,3762727302.4,n/a,2010,Technology,Computer Software: Prepackaged Software,http://www.nasdaq.com/symbol/rp
RCII,Rent-A-Center Inc.,11.23,598691592.61,n/a,1995,Technology,Diversified Commercial Services,http://www.nasdaq.com/symbol/rcii
RESN,Resonant Inc.,7.0921,119021423.5934,n/a,2014,Technology,Semiconductors,http://www.nasdaq.com/symbol/resn
RBCN,"Rubicon Technology, Inc.",8.4384,23059463.7888,n/a,2007,Technology,Semiconductors,http://www.nasdaq.com/symbol/rbcn
RMBL,"RumbleOn, Inc.",5.5,71106975.5,n/a,n/a,Technology,EDP Services,http://www.nasdaq.com/symbol/rmbl
SABR,Sabre Corporation,19.91,5471701599.98,n/a,2014,Technology,"Computer Software: Programming, Data Processing",http://www.nasdaq.com/symbol/sabr
SANM,Sanmina Corporation,34,2448706452,n/a,1993,Technology,Electrical Products,http://www.nasdaq.com/symbol/sanm
SPNS,Sapiens International Corporation N.V.,11.98,589601019.12,n/a,1992,Technology,Computer Software: Prepackaged Software,http://www.nasdaq.com/symbol/spns
SCSC,"ScanSource, Inc.",36.05,918947774.15,n/a,n/a,Technology,Retail: Computer Software & Peripheral Equipment,http://www.nasdaq.com/symbol/scsc
SGMS,Scientific Games Corp,52.675,4721860481.625,n/a,n/a,Technology,EDP Services,http://www.nasdaq.com/symbol/sgms
SEAC,"SeaChange International, Inc.",2.67,94749977.61,n/a,1996,Technology,Radio And Television Broadcasting And Communications Equipment,http://www.nasdaq.com/symbol/seac
STX,Seagate Technology PLC,38.56,11156124444.8,n/a,2002,Technology,Electronic Components,http://www.nasdaq.com/symbol/stx
SCWX,SecureWorks Corp.,9.84,797775559.68,n/a,2016,Technology,Computer Software: Prepackaged Software,http://www.nasdaq.com/symbol/scwx
LEDS,SemiLEDS Corporation,4.4644,15821454.126,n/a,2010,Technology,Semiconductors,http://www.nasdaq.com/symbol/leds
SMTC,Semtech Corporation,34.1,2257374988,n/a,n/a,Technology,Semiconductors,http://www.nasdaq.com/symbol/smtc
SGOC,"SGOCO Group, Ltd",1.13,11446981.36,n/a,2010,Technology,Radio And Television Broadcasting And Communications Equipment,http://www.nasdaq.com/symbol/sgoc
SHSP,"SharpSpring, Inc.",4.34,36609792.24,n/a,n/a,Technology,EDP Services,http://www.nasdaq.com/symbol/shsp
PIXY,"ShiftPixy, Inc.",2.71,77348616.75,n/a,2017,Technology,Diversified Commercial Services,http://www.nasdaq.com/symbol/pixy
SSTI,"ShotSpotter, Inc.",13.04,125789264.64,n/a,2017,Technology,Computer Software: Prepackaged Software,http://www.nasdaq.com/symbol/ssti
SWIR,"Sierra Wireless, Inc.",22.575,727358643.9,n/a,n/a,Technology,Radio And Television Broadcasting And Communications Equipment,http://www.nasdaq.com/symbol/swir
SIFY,Sify Technologies Limited,1.65,41410503.75,25097275,n/a,Technology,"Computer Software: Programming, Data Processing",http://www.nasdaq.com/symbol/sify
SIGM,"Sigma Designs, Inc.",5.875,226280272.125,n/a,1986,Technology,Semiconductors,http://www.nasdaq.com/symbol/sigm
SGMA,"SigmaTron International, Inc.",9.7,40747498.1,n/a,1994,Technology,Electrical Products,http://www.nasdaq.com/symbol/sgma
SILC,Silicom Ltd,72.84,542332113.84,n/a,n/a,Technology,Computer Communications Equipment,http://www.nasdaq.com/symbol/silc
SLAB,"Silicon Laboratories, Inc.",91.15,3879812055.25,n/a,2000,Technology,Semiconductors,http://www.nasdaq.com/symbol/slab
SIMO,Silicon Motion Technology Corporation,51.79,1847093819.93,35665067,2005,Technology,Semiconductors,http://www.nasdaq.com/symbol/simo
SPIL,"Siliconware Precision Industries Company, Ltd.",8.29,297032076.14,35830166,n/a,Technology,Semiconductors,http://www.nasdaq.com/symbol/spil
SLP,"Simulations Plus, Inc.",15.6,269642755.2,n/a,n/a,Technology,EDP Services,http://www.nasdaq.com/symbol/slp
SINA,Sina Corporation,97.78,6992703454.8,n/a,n/a,Technology,Computer Software: Prepackaged Software,http://www.nasdaq.com/symbol/sina
SWKS,"Skyworks Solutions, Inc.",104.74,19187277656.6,n/a,n/a,Technology,Semiconductors,http://www.nasdaq.com/symbol/swks
SGH,"SMART Global Holdings, Inc.",29.88,650673931.68,n/a,2017,Technology,Semiconductors,http://www.nasdaq.com/symbol/sgh
SMSI,"Smith Micro Software, Inc.",2.2511,32154606.5983,n/a,1995,Technology,Computer Software: Prepackaged Software,http://www.nasdaq.com/symbol/smsi
SMTX,SMTC Corporation,1.63,27425071.11,n/a,2000,Technology,Electrical Products,http://www.nasdaq.com/symbol/smtx
SRAX,"Social Reality, Inc.",5.68,49276425.36,n/a,n/a,Technology,Advertising,http://www.nasdaq.com/symbol/srax
SCKT,"Socket Mobile, Inc.",3.415,23943002.12,n/a,n/a,Technology,Computer Manufacturing,http://www.nasdaq.com/symbol/sckt
SOHU,Sohu.com Inc.,48.41,1882247702.62,n/a,n/a,Technology,EDP Services,http://www.nasdaq.com/symbol/sohu
SEDG,"SolarEdge Technologies, Inc.",36.35,1563516988.45,n/a,2015,Technology,Semiconductors,http://www.nasdaq.com/symbol/sedg
SOFO,"Sonic Foundry, Inc.",3.07,13686290.25,n/a,n/a,Technology,Radio And Television Broadcasting And Communications Equipment,http://www.nasdaq.com/symbol/sofo
ANY,Sphere 3D Corp.,2.635,17649944.085,n/a,n/a,Technology,EDP Services,http://www.nasdaq.com/symbol/any
SPI,"SPI Energy Co., Ltd.",1.069,77509680.473,n/a,n/a,Technology,Semiconductors,http://www.nasdaq.com/symbol/spi
SPLK,Splunk Inc.,80.09,11211812074.58,n/a,2012,Technology,Computer Software: Prepackaged Software,http://www.nasdaq.com/symbol/splk
SPSC,"SPS Commerce, Inc.",50.51,870000403.2,n/a,2010,Technology,Computer Software: Prepackaged Software,http://www.nasdaq.com/symbol/spsc
SSNC,"SS&C Technologies Holdings, Inc.",41.29,8499990078.47,n/a,2010,Technology,Computer Software: Prepackaged Software,http://www.nasdaq.com/symbol/ssnc
STAF,"Staffing 360 Solutions, Inc.",0.685,13261591.78,n/a,1996,Technology,Professional Services,http://www.nasdaq.com/symbol/staf
SSYS,"Stratasys, Ltd.",21.8,1159803600,n/a,1994,Technology,Computer peripheral equipment,http://www.nasdaq.com/symbol/ssys
STRM,"Streamline Health Solutions, Inc.",1.29,25785448.8,n/a,n/a,Technology,EDP Services,http://www.nasdaq.com/symbol/strm
SPWR,SunPower Corporation,8.28,1155651829.56,n/a,2005,Technology,Semiconductors,http://www.nasdaq.com/symbol/spwr
SMCI,"Super Micro Computer, Inc.",22.125,1077332448,n/a,2007,Technology,Computer Manufacturing,http://www.nasdaq.com/symbol/smci
SPCB,"SuperCom, Ltd.",4.15,61994106.85,n/a,n/a,Technology,Semiconductors,http://www.nasdaq.com/symbol/spcb
SCON,Superconductor Technologies Inc.,1.04,11189631.44,n/a,1993,Technology,Radio And Television Broadcasting And Communications Equipment,http://www.nasdaq.com/symbol/scon
SPRT,"support.com, Inc.",2.4,44912592,n/a,2000,Technology,EDP Services,http://www.nasdaq.com/symbol/sprt
SYKE,"Sykes Enterprises, Incorporated",31.87,1367144153.62,n/a,1996,Technology,EDP Services,http://www.nasdaq.com/symbol/syke
SYMC,Symantec Corporation,28.97,17960880307.17,n/a,1989,Technology,Computer Software: Prepackaged Software,http://www.nasdaq.com/symbol/symc
SYNC,"Synacor, Inc.",2.45,94780866.6,n/a,2012,Technology,"Computer Software: Programming, Data Processing",http://www.nasdaq.com/symbol/sync
SYNA,Synaptics Incorporated,37.74,1284346847.52,n/a,2002,Technology,Semiconductors,http://www.nasdaq.com/symbol/syna
SNCR,"Synchronoss Technologies, Inc.",10.03,476573895.35,n/a,2006,Technology,EDP Services,http://www.nasdaq.com/symbol/sncr
SNPS,"Synopsys, Inc.",90.38,13579383781.94,n/a,1992,Technology,Computer Software: Prepackaged Software,http://www.nasdaq.com/symbol/snps
SYNT,"Syntel, Inc.",25.62,2122716841.14,n/a,1997,Technology,EDP Services,http://www.nasdaq.com/symbol/synt
TTWO,"Take-Two Interactive Software, Inc.",111.55,12722620739.35,n/a,1997,Technology,Computer Software: Prepackaged Software,http://www.nasdaq.com/symbol/ttwo
TLND,Talend S.A.,39.99,751867026.24,18801376,2016,Technology,Computer Software: Prepackaged Software,http://www.nasdaq.com/symbol/tlnd
TECD,Tech Data Corporation,96.77,3692088744.49,n/a,1986,Technology,Retail: Computer Software & Peripheral Equipment,http://www.nasdaq.com/symbol/tecd
TCCO,Technical Communications Corporation,4.6743,8600137.0611,n/a,n/a,Technology,Radio And Television Broadcasting And Communications Equipment,http://www.nasdaq.com/symbol/tcco
TTEC,"TeleTech Holdings, Inc.",40.4,1852304205.6,n/a,1996,Technology,Professional Services,http://www.nasdaq.com/symbol/ttec
TXN,Texas Instruments Incorporated,97.29,95885189898.39,n/a,n/a,Technology,Semiconductors,http://www.nasdaq.com/symbol/txn
DSGX,The Descartes Systems Group Inc.,27.75,2130464541.75,n/a,n/a,Technology,Computer Software: Prepackaged Software,http://www.nasdaq.com/symbol/dsgx
KEYW,The KEYW Holding Corporation,5.49,273376389.15,n/a,2010,Technology,EDP Services,http://www.nasdaq.com/symbol/keyw
MIDD,The Middleby Corporation,127.55,7131687333.8,n/a,n/a,Technology,Industrial Machinery/Components,http://www.nasdaq.com/symbol/midd
TSG,The Stars Group Inc.,22.75,3355203328.75,n/a,n/a,Technology,"Computer Software: Programming, Data Processing",http://www.nasdaq.com/symbol/tsg
TTD,"The Trade Desk, Inc.",49.18,2020046959.16,n/a,2016,Technology,"Computer Software: Programming, Data Processing",http://www.nasdaq.com/symbol/ttd
ULTI,"The Ultimate Software Group, Inc.",211.08,6306181964.28,n/a,1998,Technology,Computer Software: Prepackaged Software,http://www.nasdaq.com/symbol/ulti
TNTR,"Tintri, Inc.",5.28,165391232.16,n/a,2017,Technology,EDP Services,http://www.nasdaq.com/symbol/tntr
TISA,"Top Image Systems, Ltd.",1.07,19187486.1,n/a,1996,Technology,Computer peripheral equipment,http://www.nasdaq.com/symbol/tisa
TSEM,Tower Semiconductor Ltd.,35.21,3456481512.89,n/a,1994,Technology,Semiconductors,http://www.nasdaq.com/symbol/tsem
TACT,TransAct Technologies Incorporated,13.8,101648219.4,n/a,1996,Technology,Computer peripheral equipment,http://www.nasdaq.com/symbol/tact
TZOO,Travelzoo,6.0001,74770564.1553,n/a,n/a,Technology,EDP Services,http://www.nasdaq.com/symbol/tzoo
TRIP,"TripAdvisor, Inc.",34.62,4808004100.98,n/a,n/a,Technology,"Computer Software: Programming, Data Processing",http://www.nasdaq.com/symbol/trip
TRVG,trivago N.V.,6.85,211713724.05,30907113,2016,Technology,EDP Services,http://www.nasdaq.com/symbol/trvg
TRUE,"TrueCar, Inc.",12.19,1218835642.23,n/a,2014,Technology,"Computer Software: Programming, Data Processing",http://www.nasdaq.com/symbol/true
TSRI,"TSR, Inc.",5.1,10006516.2,n/a,n/a,Technology,EDP Services,http://www.nasdaq.com/symbol/tsri
TTMI,"TTM Technologies, Inc.",16.34,1663663276.52,n/a,2000,Technology,Electrical Products,http://www.nasdaq.com/symbol/ttmi
TCX,Tucows Inc.,63.4,670633724.6,n/a,n/a,Technology,EDP Services,http://www.nasdaq.com/symbol/tcx
TWIN,"Twin Disc, Incorporated",28.16,326431029.76,n/a,n/a,Technology,Industrial Machinery/Components,http://www.nasdaq.com/symbol/twin
UBNT,"Ubiquiti Networks, Inc.",66.86,5204522605.42,n/a,2011,Technology,Radio And Television Broadcasting And Communications Equipment,http://www.nasdaq.com/symbol/ubnt
UCTT,"Ultra Clean Holdings, Inc.",20.98,705501656.14,n/a,2004,Technology,Semiconductors,http://www.nasdaq.com/symbol/uctt
UPLD,"Upland Software, Inc.",23.48,487814163.88,n/a,2014,Technology,Computer Software: Prepackaged Software,http://www.nasdaq.com/symbol/upld
VRNS,"Varonis Systems, Inc.",50.35,1401681012.15,n/a,2014,Technology,Computer Software: Prepackaged Software,http://www.nasdaq.com/symbol/vrns
VDSI,"VASCO Data Security International, Inc.",13.35,536270127.45,n/a,n/a,Technology,EDP Services,http://www.nasdaq.com/symbol/vdsi
VECO,Veeco Instruments Inc.,16.15,780075830.35,n/a,1994,Technology,Industrial Machinery/Components,http://www.nasdaq.com/symbol/veco
VRNT,Verint Systems Inc.,43.75,2788394918.75,n/a,2002,Technology,EDP Services,http://www.nasdaq.com/symbol/vrnt
VRSN,"VeriSign, Inc.",115.1,11345418740.2,n/a,1998,Technology,EDP Services,http://www.nasdaq.com/symbol/vrsn
VRSK,"Verisk Analytics, Inc.",96.48,15889475669.76,n/a,2009,Technology,EDP Services,http://www.nasdaq.com/symbol/vrsk
VERI,"Veritone, Inc.",23.9838,382093640.5836,n/a,2017,Technology,EDP Services,http://www.nasdaq.com/symbol/veri
VSAT,"ViaSat, Inc.",74.26,4324694323.48,n/a,1996,Technology,Radio And Television Broadcasting And Communications Equipment,http://www.nasdaq.com/symbol/vsat
VIAV,Viavi Solutions Inc.,9.36,2128664987.28,n/a,n/a,Technology,Semiconductors,http://www.nasdaq.com/symbol/viav
VRTU,Virtusa Corporation,46.42,1363141868,n/a,2007,Technology,EDP Services,http://www.nasdaq.com/symbol/vrtu
VUZI,Vuzix Corporation,6.15,136554052.65,n/a,n/a,Technology,Radio And Television Broadcasting And Communications Equipment,http://www.nasdaq.com/symbol/vuzi
WSTG,"Wayside Technology Group, Inc.",15.65,70141171.6,n/a,n/a,Technology,Retail: Computer Software & Peripheral Equipment,http://www.nasdaq.com/symbol/wstg
WEB,"Web.com Group, Inc.",23,1121043782,n/a,n/a,Technology,Computer Software: Prepackaged Software,http://www.nasdaq.com/symbol/web
WB,Weibo Corporation,108.59,6959239798.41,64087299,2014,Technology,"Computer Software: Programming, Data Processing",http://www.nasdaq.com/symbol/wb
WDC,Western Digital Corporation,78.86,23325732695.48,n/a,n/a,Technology,Electronic Components,http://www.nasdaq.com/symbol/wdc
WIX,Wix.com Ltd.,54.95,2463921842.9,n/a,2013,Technology,"Computer Software: Programming, Data Processing",http://www.nasdaq.com/symbol/wix
WDAY,"Workday, Inc.",103,21424000000,n/a,n/a,Technology,EDP Services,http://www.nasdaq.com/symbol/wday
WSCI,WSI Industries Inc.,3.1255,9251292.47,n/a,n/a,Technology,Industrial Machinery/Components,http://www.nasdaq.com/symbol/wsci
XLNX,"Xilinx, Inc.",69.54,17451264040.14,n/a,1990,Technology,Semiconductors,http://www.nasdaq.com/symbol/xlnx
XPER,Xperi Corporation,19.275,950533749.3,n/a,n/a,Technology,Semiconductors,http://www.nasdaq.com/symbol/xper
XPLR,Xplore Technologies Corp,2.97,32732087.85,n/a,n/a,Technology,Computer Manufacturing,http://www.nasdaq.com/symbol/xplr
XNET,Xunlei Limited,13.58,422333016.14,31099633,2014,Technology,Computer Software: Prepackaged Software,http://www.nasdaq.com/symbol/xnet
YNDX,Yandex N.V.,33.17,10805983319.17,n/a,2011,Technology,"Computer Software: Programming, Data Processing",http://www.nasdaq.com/symbol/yndx
YY,YY Inc.,103.08,4847074558.32,47022454,2012,Technology,EDP Services,http://www.nasdaq.com/symbol/yy
ZBRA,Zebra Technologies Corporation,110.4,5872077081.6,n/a,1991,Technology,Industrial Machinery/Components,http://www.nasdaq.com/symbol/zbra
ZIXI,Zix Corporation,4.4,245299049.6,n/a,n/a,Technology,EDP Services,http://www.nasdaq.com/symbol/zixi
ZNGA,Zynga Inc.,4.1,3569229772.7,n/a,2011,Technology,EDP Services,http://www.nasdaq.com/symbol/znga
